105.000000,979.000000,8.899087,-0.983940
74.000000,704.000000,6.462706,-0.997191
47.000000,448.000000,4.160018,-0.988829
157.000000,1464.000000,13.485978,-0.995562
125.000000,1157.000000,10.255758,-0.975736
49.000000,458.000000,4.038280,-0.967112
81.000000,747.000000,6.662337,-0.982765
30.000000,285.000000,2.626218,-0.947082
136.000000,1246.000000,11.272850,-0.991077
142.000000,1317.000000,11.910584,-0.995286
113.000000,1064.000000,9.574826,-0.941545
38.000000,362.000000,3.311939,-0.958685
220.000000,2013.000000,18.203610,-0.991280
91.000000,835.000000,7.641559,-0.982929
9.000000,94.000000,0.911740,-0.588999
87.000000,800.000000,7.236356,-0.976388
100.000000,936.000000,8.534032,-0.985735
38.000000,355.000000,3.155472,-0.972678
149.000000,1351.000000,12.146116,-0.970667
153.000000,1419.000000,12.713213,-0.986413
84.000000,787.000000,7.223669,-0.956862
19.000000,186.000000,1.650534,-0.819290
47.000000,433.000000,3.904701,-0.973675
115.000000,1070.000000,9.662003,-0.994583
26.000000,243.000000,2.222119,-0.920557
39.000000,366.000000,3.367658,-0.985305
245.000000,2255.000000,20.444397,-0.997330
106.000000,992.000000,8.930887,-0.991491
20.000000,198.000000,1.803773,-0.778157
60.000000,551.000000,4.975475,-0.986121
312.000000,2880.000000,25.909334,-0.998552
244.000000,2254.000000,20.691135,-0.993270
52.000000,498.000000,4.532771,-0.913415
8.000000,81.000000,0.781996,-0.638008
171.000000,1593.000000,14.518364,-0.998595
206.000000,1912.000000,17.457072,-0.990138
104.000000,982.000000,8.836688,-0.995258
59.000000,556.000000,4.918814,-0.993224
76.000000,720.000000,6.446394,-0.980757
43.000000,408.000000,3.761332,-0.980272
140.000000,1301.000000,11.679507,-0.990893
61.000000,562.000000,5.045879,-0.955237
23.000000,227.000000,1.997408,-0.976774
192.000000,1790.000000,16.032320,-0.994801
59.000000,548.000000,5.058247,-0.967227
99.000000,917.000000,8.323235,-0.980784
154.000000,1422.000000,12.787212,-0.998211
133.000000,1227.000000,11.155619,-0.986116
73.000000,676.000000,5.965774,-0.982911
58.000000,547.000000,4.859997,-0.985742
74.000000,688.000000,6.188820,-0.930066
48.000000,452.000000,3.994903,-0.989457
129.000000,1199.000000,10.682929,-0.990128
30.000000,284.000000,2.592834,-0.984627
115.000000,1067.000000,9.697091,-0.986273
43.000000,400.000000,3.590640,-0.958159
224.000000,2085.000000,19.106563,-0.981317
56.000000,526.000000,4.809639,-0.923765
80.000000,734.000000,6.650374,-0.986160
39.000000,357.000000,3.250741,-0.909637
47.000000,439.000000,4.020902,-0.957879
231.000000,2117.000000,19.118873,-0.995630
78.000000,720.000000,6.541431,-0.985222
40.000000,380.000000,3.454131,-0.919007
195.000000,1801.000000,16.332977,-0.981943
69.000000,636.000000,5.712612,-0.887939
130.000000,1189.000000,10.681385,-0.973424
13.000000,131.000000,1.229246,-0.697049
275.000000,2542.000000,22.908503,-0.994050
107.000000,991.000000,8.952812,-0.994742
64.000000,584.000000,5.237339,-0.982399
203.000000,1855.000000,17.106357,-0.995574
135.000000,1269.000000,11.589692,-0.969175
18.000000,175.000000,1.586388,-0.743440
37.000000,356.000000,3.164959,-0.962821
56.000000,532.000000,4.783586,-0.993155
71.000000,650.000000,5.801678,-0.957008
93.000000,871.000000,7.776025,-0.998031
30.000000,284.000000,2.521739,-0.842964
45.000000,418.000000,3.712161,-0.916911
82.000000,770.000000,6.854109,-0.988267
27.000000,268.000000,2.434392,-0.986972
128.000000,1199.000000,10.838883,-0.999034
136.000000,1269.000000,11.379872,-0.994131
216.000000,1985.000000,17.716470,-0.993095
201.000000,1880.000000,17.063349,-0.980379
42.000000,386.000000,3.536100,-0.925362
50.000000,484.000000,4.417517,-0.983775
20.000000,193.000000,1.801201,-0.892626
34.000000,317.000000,2.882515,-0.935849
126.000000,1157.000000,10.649424,-0.991959
76.000000,697.000000,6.303983,-0.983017
54.000000,507.000000,4.589652,-0.916974
49.000000,464.000000,4.369214,-0.979269
100.000000,938.000000,8.526376,-0.957117
79.000000,734.000000,6.736267,-0.983572
48.000000,449.000000,4.141884,-0.982916
35.000000,335.000000,3.059690,-0.874098
86.000000,792.000000,7.227061,-0.988667
76.000000,702.000000,6.821063,-0.978494
276.000000,2511.000000,22.921464,-0.989607
46.000000,429.000000,3.849072,-0.919536
83.000000,767.000000,6.946291,-0.980344
97.000000,903.000000,8.088880,-0.990671
82.000000,778.000000,6.987190,-0.983380
14.000000,139.000000,1.221301,-0.424102
123.000000,1132.000000,10.146820,-0.983670
63.000000,585.000000,5.333316,-0.978162
107.000000,975.000000,8.727588,-0.994405
37.000000,339.000000,3.055386,-0.981321
31.000000,290.000000,2.671960,-0.950330
175.000000,1604.000000,14.440206,-0.986978
25.000000,245.000000,2.123574,-0.891844
19.000000,184.000000,1.669940,-0.933662
64.000000,617.000000,5.550451,-0.969462
130.000000,1202.000000,10.779028,-0.989905
104.000000,964.000000,8.637736,-0.967807
92.000000,849.000000,7.691985,-0.993715
252.000000,2317.000000,22.737141,-0.988635
28.000000,270.000000,2.733745,-0.963384
149.000000,1377.000000,13.651951,-0.972934
62.000000,581.000000,5.643178,-0.988866
108.000000,998.000000,9.967104,-0.950921
32.000000,301.000000,2.967185,-0.908362
126.000000,1162.000000,11.779951,-0.987869
211.000000,1964.000000,19.500324,-0.986083
84.000000,775.000000,7.545249,-0.987231
43.000000,409.000000,3.991522,-0.919033
222.000000,2059.000000,20.489131,-0.991662
176.000000,1637.000000,16.109607,-0.997351
272.000000,2504.000000,23.344904,-0.994266
29.000000,276.000000,2.462300,-0.889104
166.000000,1526.000000,13.959905,-0.980352
47.000000,438.000000,3.975767,-0.973761
128.000000,1178.000000,10.691349,-0.982351
117.000000,1083.000000,9.904531,-0.974667
75.000000,689.000000,6.314698,-0.994375
230.000000,2128.000000,19.421995,-0.980958
122.000000,1129.000000,10.381704,-0.993774
73.000000,697.000000,6.383468,-0.986506
212.000000,1934.000000,17.584589,-0.997994
81.000000,742.000000,6.744280,-0.982856
98.000000,927.000000,8.417230,-0.983146
106.000000,992.000000,8.971567,-0.991407
85.000000,788.000000,7.135306,-0.996516
202.000000,1852.000000,16.799720,-0.988213
85.000000,793.000000,7.281674,-0.997145
88.000000,813.000000,7.418177,-0.987458
166.000000,1538.000000,14.059260,-0.967335
177.000000,1624.000000,14.749429,-0.977870
78.000000,732.000000,6.726667,-0.991119
33.000000,311.000000,2.838719,-0.917628
261.000000,2415.000000,21.744941,-0.998008
127.000000,1188.000000,10.803721,-0.983357
44.000000,420.000000,3.809938,-0.989336
46.000000,434.000000,3.904373,-0.992871
132.000000,1230.000000,11.110106,-0.993428
46.000000,451.000000,4.088333,-0.990877
64.000000,606.000000,5.458692,-0.936766
25.000000,226.000000,2.038741,-0.917732
45.000000,422.000000,3.850487,-0.961498
150.000000,1381.000000,12.729617,-0.986653
141.000000,1300.000000,11.804649,-0.989514
77.000000,717.000000,6.402567,-0.966856
127.000000,1181.000000,10.586410,-0.994393
144.000000,1317.000000,11.935929,-0.992953
128.000000,1185.000000,10.904102,-0.991981
111.000000,1037.000000,9.345547,-0.988556
145.000000,1357.000000,12.300159,-0.988073
33.000000,317.000000,2.801394,-0.952790
265.000000,2449.000000,22.302886,-0.990026
26.000000,253.000000,2.307622,-0.938633
137.000000,1272.000000,11.554650,-0.987938
185.000000,1705.000000,15.636298,-0.998289
39.000000,367.000000,3.354320,-0.930511
108.000000,1009.000000,9.120896,-0.964759
96.000000,897.000000,8.144927,-0.996842
63.000000,590.000000,5.350613,-0.983657
216.000000,2004.000000,18.431321,-0.981982
61.000000,574.000000,5.178991,-0.977644
97.000000,891.000000,8.055928,-0.983623
83.000000,778.000000,7.120563,-0.995664
106.000000,995.000000,9.023215,-0.976089
243.000000,2231.000000,20.443221,-0.989818
144.000000,1333.000000,11.964016,-0.985913
45.000000,425.000000,3.854269,-0.949030
60.000000,558.000000,5.004319,-0.987603
27.000000,254.000000,2.318124,-0.874935
145.000000,1344.000000,12.138122,-0.993778
192.000000,1770.000000,16.021456,-0.993560
43.000000,405.000000,3.666982,-0.985791
156.000000,1434.000000,12.783736,-0.989795
120.000000,1105.000000,9.847973,-0.987195
87.000000,809.000000,7.290012,-0.969994
264.000000,2460.000000,21.828613,-0.993651
50.000000,473.000000,4.247811,-0.984467
23.000000,226.000000,2.014282,-0.981504
42.000000,389.000000,3.628850,-0.984377
57.000000,533.000000,4.820393,-0.961821
113.000000,1063.000000,9.579065,-0.993658
81.000000,756.000000,6.823430,-0.990320
281.000000,2588.000000,23.665030,-0.974801
55.000000,503.000000,4.532549,-0.966490
292.000000,2696.000000,24.488842,-0.994320
26.000000,252.000000,2.206375,-0.978032
38.000000,361.000000,3.243356,-0.981615
109.000000,1007.000000,9.218417,-0.989977
55.000000,519.000000,4.767649,-0.985440
38.000000,364.000000,3.263954,-0.925402
85.000000,796.000000,7.197161,-0.979611
30.000000,284.000000,2.624849,-0.978547
48.000000,457.000000,4.145677,-0.981590
71.000000,665.000000,6.170678,-0.978958
118.000000,1084.000000,9.906669,-0.996967
48.000000,449.000000,4.055393,-0.995162
198.000000,1841.000000,16.712303,-0.989893
246.000000,2273.000000,20.780787,-0.990912
23.000000,224.000000,2.061434,-0.861343
61.000000,557.000000,5.052433,-0.956879
88.000000,823.000000,7.440130,-0.964400
32.000000,290.000000,2.621347,-0.976122
26.000000,243.000000,2.170022,-0.809082
66.000000,612.000000,5.590278,-0.970991
34.000000,326.000000,2.962614,-0.901544
42.000000,399.000000,3.604069,-0.967304
114.000000,1067.000000,9.667333,-0.985484
163.000000,1505.000000,13.559314,-0.991378
36.000000,352.000000,3.118577,-0.973118
51.000000,472.000000,4.284558,-0.988549
128.000000,1177.000000,10.489751,-0.993871
122.000000,1136.000000,10.224501,-0.988150
24.000000,230.000000,2.099339,-0.847522
64.000000,595.000000,5.312322,-0.993942
8.000000,85.000000,0.807357,-0.747843
185.000000,1716.000000,15.366502,-0.991284
47.000000,440.000000,3.952098,-0.983374
250.000000,2307.000000,20.595358,-0.990417
99.000000,905.000000,8.040665,-0.988953
86.000000,790.000000,7.032677,-0.982289
24.000000,240.000000,2.183294,-0.947026
291.000000,2705.000000,24.394154,-0.993463
160.000000,1500.000000,13.485509,-0.992123
143.000000,1330.000000,11.894424,-0.985048
90.000000,822.000000,7.344649,-0.993929
47.000000,435.000000,3.942899,-0.963780
68.000000,635.000000,5.657417,-0.977326
71.000000,675.000000,5.949245,-0.999205
63.000000,592.000000,5.302521,-0.930860
86.000000,804.000000,7.231278,-0.970045
136.000000,1256.000000,11.379389,-0.993084
216.000000,1992.000000,19.086821,-0.997578
51.000000,475.000000,4.594758,-0.856788
54.000000,508.000000,4.937009,-0.939340
197.000000,1821.000000,17.260126,-0.990886
19.000000,190.000000,1.662292,-0.855593
57.000000,542.000000,4.872913,-0.953885
437.000000,4025.000000,36.699927,-0.989113
265.000000,2429.000000,22.052694,-0.997305
67.000000,628.000000,5.842556,-0.977845
319.000000,2965.000000,26.760349,-0.966451
102.000000,933.000000,8.479266,-0.992765
70.000000,634.000000,5.647330,-0.973878
57.000000,528.000000,4.808877,-0.983684
263.000000,2438.000000,22.226402,-0.998542
51.000000,489.000000,4.489351,-0.965412
114.000000,1041.000000,9.610149,-0.995843
30.000000,290.000000,2.714358,-0.977765
96.000000,879.000000,8.046503,-0.988262
110.000000,1019.000000,9.274502,-0.970226
58.000000,548.000000,5.020104,-0.986016
16.000000,159.000000,1.509869,-0.643888
120.000000,1139.000000,10.524906,-0.977468
291.000000,2709.000000,25.231380,-0.990670
147.000000,1352.000000,12.654402,-0.998088
144.000000,1312.000000,12.183207,-0.995423
104.000000,966.000000,8.819072,-0.980138
36.000000,339.000000,3.079381,-0.932616
34.000000,325.000000,2.963528,-0.894367
21.000000,198.000000,1.828826,-0.918293
108.000000,994.000000,9.010878,-0.995161
58.000000,543.000000,4.992741,-0.959700
332.000000,3056.000000,27.957107,-0.988077
81.000000,765.000000,7.015950,-0.991719
49.000000,465.000000,4.355005,-0.987412
81.000000,748.000000,6.860530,-0.994354
133.000000,1217.000000,11.215520,-0.996047
55.000000,512.000000,4.739717,-0.943312
73.000000,679.000000,6.200439,-0.994501
245.000000,2284.000000,21.113228,-0.991489
182.000000,1665.000000,15.533519,-0.994711
72.000000,690.000000,6.380929,-0.984234
70.000000,652.000000,6.026023,-0.973458
30.000000,283.000000,2.597476,-0.869529
156.000000,1452.000000,13.934981,-0.987434
101.000000,927.000000,9.134257,-0.993830
87.000000,809.000000,8.153166,-0.989109
24.000000,236.000000,2.391710,-0.818187
167.000000,1518.000000,15.222985,-0.996429
73.000000,677.000000,6.596948,-0.991907
46.000000,438.000000,4.402538,-0.980280
64.000000,593.000000,5.827490,-0.990074
199.000000,1834.000000,18.098264,-0.994193
37.000000,340.000000,3.309245,-0.882714
63.000000,579.000000,5.662081,-0.994579
234.000000,2155.000000,21.467151,-0.973604
81.000000,761.000000,7.567859,-0.995223
101.000000,947.000000,9.395868,-0.962772
23.000000,228.000000,2.305773,-0.897027
79.000000,749.000000,7.500245,-0.994929
63.000000,591.000000,5.905733,-0.983870
26.000000,251.000000,2.500957,-0.702808
18.000000,183.000000,1.937383,-0.708056
89.000000,823.000000,8.104116,-0.995198
29.000000,279.000000,2.804970,-0.947671
76.000000,713.000000,6.982681,-0.978697
79.000000,740.000000,7.264799,-0.989061
12.000000,123.000000,1.274345,-0.631979
108.000000,993.000000,10.093231,-0.985291
124.000000,1165.000000,11.502138,-0.984439
56.000000,530.000000,5.314449,-0.985842
56.000000,517.000000,5.067517,-0.984383
25.000000,233.000000,2.411508,-0.903816
16.000000,151.000000,1.600431,-0.886830
85.000000,784.000000,7.749939,-0.972991
75.000000,710.000000,6.946306,-0.988698
143.000000,1322.000000,13.102021,-0.990416
84.000000,775.000000,7.522676,-0.975783
99.000000,907.000000,8.508455,-0.994923
72.000000,675.000000,6.130647,-0.991398
43.000000,402.000000,3.664454,-0.950945
16.000000,159.000000,1.425506,-0.619194
75.000000,704.000000,6.344951,-0.985075
31.000000,287.000000,2.592695,-0.981975
100.000000,938.000000,8.595525,-0.999191
93.000000,872.000000,8.006148,-0.983962
101.000000,948.000000,8.783325,-0.955237
118.000000,1088.000000,10.017284,-0.951453
69.000000,654.000000,6.076850,-0.978332
50.000000,473.000000,4.333282,-0.978584
60.000000,547.000000,4.949813,-0.995566
45.000000,428.000000,3.929457,-0.969476
61.000000,566.000000,5.095043,-0.983093
269.000000,2486.000000,22.665452,-0.989620
177.000000,1632.000000,14.854322,-0.988757
220.000000,2061.000000,19.089365,-0.989658
65.000000,595.000000,5.605232,-0.956779
77.000000,725.000000,6.802847,-0.993171
48.000000,466.000000,4.270582,-0.991149
60.000000,561.000000,5.170975,-0.995314
99.000000,920.000000,8.370612,-0.995395
57.000000,529.000000,4.805281,-0.849214
126.000000,1171.000000,10.679098,-0.982181
12.000000,119.000000,1.080928,-0.721998
49.000000,450.000000,4.238651,-0.891233
28.000000,264.000000,2.440658,-0.912160
33.000000,319.000000,3.066106,-0.961985
60.000000,564.000000,5.333414,-0.994260
34.000000,319.000000,3.024514,-0.974388
72.000000,673.000000,6.196414,-0.964325
89.000000,820.000000,7.546189,-0.991826
194.000000,1799.000000,16.428212,-0.995941
47.000000,455.000000,4.133642,-0.980147
75.000000,702.000000,6.333220,-0.980048
90.000000,848.000000,7.724761,-0.997007
44.000000,416.000000,3.837450,-0.979940
38.000000,366.000000,3.394847,-0.946693
83.000000,763.000000,7.003560,-0.987409
32.000000,290.000000,2.598832,-0.855326
204.000000,1885.000000,17.384067,-0.996305
110.000000,1024.000000,9.403122,-0.978740
42.000000,407.000000,3.780227,-0.950920
76.000000,715.000000,6.524306,-0.983789
140.000000,1306.000000,11.832374,-0.992888
125.000000,1165.000000,10.644293,-0.993088
29.000000,268.000000,2.470605,-0.930437
49.000000,473.000000,4.316290,-0.995223
163.000000,1505.000000,13.852531,-0.997194
94.000000,880.000000,8.199354,-0.989552
208.000000,1947.000000,17.991040,-0.992072
95.000000,902.000000,8.341494,-0.990426
93.000000,863.000000,7.922245,-0.974448
83.000000,781.000000,7.082487,-0.965105
50.000000,473.000000,4.363882,-0.949085
50.000000,471.000000,4.331736,-0.991851
325.000000,2978.000000,27.259521,-0.997622
72.000000,672.000000,6.106924,-0.979883
239.000000,2181.000000,20.014787,-0.997747
21.000000,191.000000,1.708966,-0.849957
104.000000,975.000000,8.994167,-0.997679
53.000000,519.000000,4.745974,-0.990879
60.000000,570.000000,5.204581,-0.978040
79.000000,725.000000,6.539862,-0.997880
115.000000,1077.000000,9.751866,-0.985901
139.000000,1270.000000,11.482714,-0.977172
34.000000,318.000000,2.939676,-0.971409
147.000000,1370.000000,12.596340,-0.978546
157.000000,1458.000000,13.396015,-0.979545
35.000000,327.000000,3.002806,-0.919491
74.000000,692.000000,6.295258,-0.968665
85.000000,795.000000,7.239481,-0.987005
158.000000,1465.000000,13.441508,-0.991275
33.000000,316.000000,2.939228,-0.904371
85.000000,819.000000,7.545141,-0.982732
27.000000,256.000000,2.302797,-0.989426
70.000000,656.000000,5.945366,-0.968937
74.000000,690.000000,6.249594,-0.989337
199.000000,1818.000000,16.473208,-0.992146
60.000000,562.000000,5.120687,-0.996437
19.000000,186.000000,1.663901,-0.917422
133.000000,1224.000000,11.250096,-0.975482
105.000000,959.000000,8.689549,-0.973142
37.000000,346.000000,3.206239,-0.864891
41.000000,389.000000,3.515167,-0.975332
74.000000,687.000000,6.295265,-0.985381
29.000000,276.000000,2.532990,-0.953426
87.000000,810.000000,7.290580,-0.997456
128.000000,1186.000000,10.895222,-0.983708
198.000000,1832.000000,16.679393,-0.993602
290.000000,2690.000000,24.404206,-0.993158
133.000000,1224.000000,11.046983,-0.983577
64.000000,596.000000,5.377120,-0.985356
53.000000,499.000000,4.493921,-0.887748
205.000000,1865.000000,17.126589,-0.972761
136.000000,1258.000000,11.639810,-0.979667
127.000000,1179.000000,10.932857,-0.970845
60.000000,566.000000,5.270023,-0.992372
34.000000,323.000000,2.939703,-0.929221
92.000000,856.000000,7.846340,-0.988106
107.000000,1002.000000,9.198932,-0.996135
49.000000,470.000000,4.203510,-0.996851
50.000000,462.000000,4.168208,-0.974129
126.000000,1168.000000,10.630647,-0.995515
124.000000,1160.000000,10.740936,-0.991825
28.000000,265.000000,2.400611,-0.980836
219.000000,2032.000000,18.514820,-0.996295
126.000000,1167.000000,10.543236,-0.986229
33.000000,302.000000,2.723721,-0.956714
52.000000,500.000000,4.529836,-0.961291
14.000000,142.000000,1.327427,-0.568205
66.000000,622.000000,5.561608,-0.990128
138.000000,1277.000000,11.470313,-0.978281
183.000000,1702.000000,15.346151,-0.991564
264.000000,2446.000000,21.913033,-0.984229
80.000000,747.000000,6.943882,-0.983584
93.000000,860.000000,7.843169,-0.987494
52.000000,488.000000,4.369496,-0.980246
32.000000,305.000000,2.794368,-0.923872
31.000000,300.000000,2.831062,-0.953205
125.000000,1156.000000,10.614614,-0.997451
32.000000,295.000000,2.661391,-0.909161
34.000000,324.000000,2.897653,-0.818372
76.000000,716.000000,6.381940,-0.988297
139.000000,1266.000000,11.328288,-0.986963
54.000000,502.000000,4.574163,-0.935247
463.000000,4282.000000,39.032524,-0.994552
261.000000,2416.000000,21.870592,-0.990395
201.000000,1875.000000,17.260793,-0.984664
136.000000,1264.000000,11.494426,-0.989751
75.000000,692.000000,6.291030,-0.993805
196.000000,1803.000000,16.515085,-0.990570
298.000000,2749.000000,24.725592,-0.986323
148.000000,1359.000000,12.293172,-0.983768
80.000000,763.000000,7.053349,-0.920758
52.000000,485.000000,4.340319,-0.990397
119.000000,1071.000000,9.817595,-0.998727
208.000000,1908.000000,17.320530,-0.984199
48.000000,446.000000,4.063498,-0.977218
152.000000,1412.000000,12.833038,-0.991023
70.000000,666.000000,6.102345,-0.980948
23.000000,220.000000,2.029290,-0.873966
37.000000,351.000000,3.225088,-0.825203
73.000000,673.000000,6.137270,-0.997201
136.000000,1256.000000,11.239774,-0.992849
30.000000,277.000000,2.492450,-0.884530
104.000000,967.000000,8.658941,-0.990453
59.000000,564.000000,5.012887,-0.963701
234.000000,2176.000000,19.643300,-0.976530
80.000000,753.000000,6.949720,-0.989672
40.000000,388.000000,3.590993,-0.956453
210.000000,1931.000000,17.497204,-0.998399
131.000000,1227.000000,11.025937,-0.993435
62.000000,556.000000,4.971718,-0.992446
301.000000,2794.000000,25.315659,-0.988733
35.000000,325.000000,3.018378,-0.976462
68.000000,642.000000,5.876339,-0.900288
208.000000,1942.000000,17.770136,-0.997555
86.000000,786.000000,7.234734,-0.994830
153.000000,1423.000000,12.927327,-0.990804
70.000000,659.000000,6.005808,-0.985204
162.000000,1473.000000,13.453796,-0.997015
58.000000,536.000000,4.940161,-0.972068
103.000000,945.000000,8.792920,-0.980749
62.000000,581.000000,5.355687,-0.988949
119.000000,1083.000000,9.909066,-0.993268
112.000000,1035.000000,9.446524,-0.986376
51.000000,485.000000,4.426989,-0.944136
130.000000,1192.000000,10.927074,-0.990625
129.000000,1191.000000,10.924318,-0.982840
70.000000,664.000000,6.076977,-0.961073
15.000000,148.000000,1.374907,-0.838310
33.000000,321.000000,2.910854,-0.949311
29.000000,280.000000,2.510855,-0.980804
55.000000,511.000000,4.658800,-0.978693
42.000000,401.000000,3.645507,-0.935838
28.000000,272.000000,2.477173,-0.894991
106.000000,988.000000,8.943887,-0.968073
151.000000,1414.000000,13.001148,-0.988897
60.000000,571.000000,5.191798,-0.958383
52.000000,485.000000,4.429441,-0.977344
153.000000,1397.000000,14.154964,-0.990664
135.000000,1263.000000,12.481899,-0.978189
56.000000,529.000000,5.258879,-0.986519
152.000000,1400.000000,13.830005,-0.992932
38.000000,358.000000,3.620183,-0.961917
68.000000,615.000000,6.043359,-0.987662
60.000000,568.000000,5.555409,-0.958517
107.000000,1000.000000,9.841551,-0.982845
16.000000,159.000000,1.594223,-0.911580
152.000000,1412.000000,14.141883,-0.977195
38.000000,365.000000,3.518079,-0.849198
56.000000,532.000000,5.240966,-0.978950
29.000000,277.000000,2.740882,-0.939129
86.000000,797.000000,7.782915,-0.993211
72.000000,671.000000,6.682156,-0.982973
56.000000,536.000000,5.212550,-0.965660
85.000000,808.000000,7.919441,-0.992009
83.000000,775.000000,7.614823,-0.983913
71.000000,652.000000,6.568796,-0.997885
51.000000,484.000000,4.743819,-0.991412
96.000000,890.000000,8.827660,-0.981810
13.000000,126.000000,1.428246,-0.716297
38.000000,364.000000,3.624297,-0.980787
85.000000,792.000000,7.624364,-0.979103
91.000000,852.000000,8.398702,-0.974014
33.000000,307.000000,3.024762,-0.935034
22.000000,210.000000,2.142846,-0.953380
61.000000,567.000000,5.585228,-0.981129
34.000000,315.000000,3.096845,-0.994265
382.000000,3552.000000,34.847453,-0.969839
98.000000,921.000000,9.119569,-0.973128
177.000000,1642.000000,15.772444,-0.987800
142.000000,1327.000000,13.091160,-0.994536
111.000000,1010.000000,10.049555,-0.987726
242.000000,2236.000000,22.170927,-0.989228
205.000000,1890.000000,18.476970,-0.990197
73.000000,664.000000,6.457327,-0.979273
53.000000,496.000000,4.929254,-0.961909
29.000000,278.000000,2.699198,-0.897260
56.000000,528.000000,5.081978,-0.975902
125.000000,1165.000000,11.384941,-0.992284
66.000000,613.000000,6.071884,-0.953955
139.000000,1305.000000,13.042603,-0.996449
52.000000,493.000000,4.731258,-0.991658
33.000000,318.000000,3.071696,-0.896408
41.000000,389.000000,3.765231,-0.944671
98.000000,919.000000,8.883328,-0.995884
24.000000,233.000000,2.357771,-0.989031
30.000000,288.000000,2.872012,-0.912348
90.000000,841.000000,8.188421,-0.961136
148.000000,1382.000000,13.122053,-0.987092
58.000000,548.000000,4.989310,-0.982196
190.000000,1758.000000,15.828185,-0.983567
194.000000,1797.000000,16.542560,-0.990684
44.000000,414.000000,3.859612,-0.990135
15.000000,151.000000,1.444573,-0.738935
203.000000,1888.000000,16.954275,-0.990081
181.000000,1675.000000,14.969542,-0.995124
64.000000,600.000000,5.277043,-0.975988
82.000000,748.000000,6.739433,-0.981886
62.000000,574.000000,5.205901,-0.981440
195.000000,1802.000000,16.345570,-0.990439
222.000000,2042.000000,18.563421,-0.994154
88.000000,823.000000,7.472798,-0.984643
70.000000,656.000000,5.890639,-0.989788
50.000000,461.000000,4.110191,-0.997150
39.000000,369.000000,3.354944,-0.929426
29.000000,269.000000,2.462245,-0.851327
169.000000,1561.000000,13.985385,-0.987201
273.000000,2514.000000,22.583574,-0.994120
124.000000,1136.000000,10.078322,-0.983712
45.000000,419.000000,3.748489,-0.916808
54.000000,494.000000,4.429900,-0.876944
36.000000,349.000000,3.143858,-0.959693
116.000000,1082.000000,9.745175,-0.984839
102.000000,946.000000,8.488061,-0.981913
142.000000,1303.000000,11.658684,-0.991315
24.000000,233.000000,2.087493,-0.855153
97.000000,915.000000,8.329648,-0.991773
98.000000,896.000000,8.002313,-0.985344
13.000000,128.000000,1.187919,-0.748779
120.000000,1128.000000,10.083404,-0.994154
159.000000,1483.000000,13.356464,-0.983699
41.000000,383.000000,3.461817,-0.873100
33.000000,325.000000,2.859139,-0.859452
138.000000,1285.000000,11.534483,-0.997695
55.000000,518.000000,4.703057,-0.923314
82.000000,778.000000,7.048897,-0.939821
18.000000,169.000000,1.522193,-0.836124
74.000000,681.000000,6.162511,-0.975913
60.000000,571.000000,5.250339,-0.989688
59.000000,557.000000,5.114739,-0.964649
48.000000,441.000000,4.152052,-0.892092
494.000000,4583.000000,41.837350,-0.993822
162.000000,1491.000000,13.655385,-0.996724
297.000000,2734.000000,24.688424,-0.999369
152.000000,1413.000000,12.929062,-0.989928
50.000000,474.000000,4.357794,-0.969308
54.000000,511.000000,4.596250,-0.906154
26.000000,258.000000,2.338749,-0.911239
73.000000,684.000000,6.257221,-0.907590
17.000000,165.000000,1.469888,-0.978164
29.000000,282.000000,2.554929,-0.977207
106.000000,972.000000,8.947215,-0.983284
85.000000,784.000000,7.020836,-0.970304
58.000000,546.000000,4.963603,-0.948737
59.000000,547.000000,4.993268,-0.943260
92.000000,849.000000,7.663723,-0.987268
97.000000,915.000000,8.211038,-0.995165
34.000000,328.000000,2.961907,-0.944556
51.000000,495.000000,4.463930,-0.976740
56.000000,531.000000,4.818992,-0.984055
133.000000,1242.000000,11.282712,-0.992060
120.000000,1107.000000,10.093540,-0.982298
81.000000,731.000000,6.598961,-0.994246
235.000000,2157.000000,19.808249,-0.992676
77.000000,714.000000,6.555158,-0.981882
92.000000,861.000000,7.915532,-0.967103
29.000000,281.000000,2.516618,-0.989166
16.000000,153.000000,1.442822,-0.723303
98.000000,913.000000,8.223429,-0.991158
5.000000,59.000000,0.577870,-0.567755
66.000000,629.000000,5.676741,-0.980052
163.000000,1524.000000,13.874109,-0.989827
27.000000,252.000000,2.260096,-0.904133
140.000000,1302.000000,11.670009,-0.993596
243.000000,2260.000000,20.371066,-0.993671
186.000000,1725.000000,15.670672,-0.992565
48.000000,453.000000,4.102483,-0.986669
54.000000,501.000000,4.460229,-0.986155
325.000000,3012.000000,27.664759,-0.988779
227.000000,2132.000000,19.501627,-0.995591
109.000000,1012.000000,9.136659,-0.975459
316.000000,2936.000000,26.425152,-0.994842
79.000000,743.000000,6.647470,-0.983534
46.000000,427.000000,3.874260,-0.982073
48.000000,452.000000,4.155859,-0.950914
102.000000,971.000000,8.682256,-0.990200
75.000000,699.000000,6.376492,-0.933252
92.000000,855.000000,7.796228,-0.957716
40.000000,376.000000,3.396044,-0.955304
67.000000,616.000000,5.569229,-0.989250
39.000000,372.000000,3.419918,-0.951006
226.000000,2082.000000,18.817090,-0.985986
48.000000,454.000000,4.128764,-0.993606
59.000000,557.000000,5.126553,-0.967922
99.000000,940.000000,8.551731,-0.972462
9.000000,89.000000,0.803535,-0.805669
60.000000,552.000000,4.974989,-0.988809
62.000000,572.000000,5.212498,-0.990237
41.000000,379.000000,3.464497,-0.966270
204.000000,1886.000000,17.285391,-0.975111
106.000000,989.000000,9.010742,-0.985640
79.000000,756.000000,6.858507,-0.995467
30.000000,281.000000,2.533132,-0.975172
89.000000,829.000000,7.604915,-0.978776
32.000000,300.000000,2.762975,-0.870379
86.000000,804.000000,7.339961,-0.972269
83.000000,759.000000,6.836109,-0.991186
293.000000,2688.000000,24.383384,-0.987414
69.000000,642.000000,5.807880,-0.986957
56.000000,527.000000,4.869907,-0.909291
79.000000,745.000000,6.830428,-0.988607
227.000000,2073.000000,18.699525,-0.970174
38.000000,356.000000,3.223513,-0.951878
77.000000,724.000000,6.493732,-0.983700
121.000000,1131.000000,10.054233,-0.972879
33.000000,309.000000,2.839567,-0.973414
102.000000,954.000000,8.822304,-0.986136
52.000000,478.000000,4.388805,-0.992578
37.000000,354.000000,3.255299,-0.958078
377.000000,3438.000000,31.372723,-0.998713
92.000000,865.000000,7.803975,-0.995519
68.000000,619.000000,5.581567,-0.922326
167.000000,1531.000000,13.872349,-0.978034
131.000000,1213.000000,10.920159,-0.995728
159.000000,1460.000000,12.962282,-0.993105
91.000000,844.000000,7.641488,-0.976698
99.000000,906.000000,8.206253,-0.982457
109.000000,1005.000000,8.943951,-0.946093
191.000000,1781.000000,16.275021,-0.992254
120.000000,1105.000000,9.988474,-0.987681
54.000000,513.000000,4.643098,-0.974659
69.000000,646.000000,6.004831,-0.988321
89.000000,835.000000,7.508346,-0.981521
50.000000,482.000000,4.397306,-0.943480
74.000000,686.000000,6.212675,-0.962142
80.000000,743.000000,6.773733,-0.956395
88.000000,821.000000,7.451446,-0.984306
111.000000,1052.000000,9.464453,-0.989212
88.000000,817.000000,7.366981,-0.991808
64.000000,595.000000,5.346416,-0.982551
170.000000,1557.000000,13.972142,-0.986613
87.000000,822.000000,7.419115,-0.992083
248.000000,2294.000000,20.802541,-0.991137
143.000000,1325.000000,11.951322,-0.969950
24.000000,234.000000,2.137363,-0.948739
44.000000,423.000000,4.168290,-0.941597
142.000000,1326.000000,12.408611,-0.989211
82.000000,757.000000,6.870133,-0.990165
128.000000,1197.000000,10.823910,-0.989521
99.000000,892.000000,8.050264,-0.993303
101.000000,934.000000,8.395988,-0.992365
46.000000,426.000000,3.753607,-0.958869
85.000000,775.000000,6.982518,-0.986261
83.000000,770.000000,6.967286,-0.970247
145.000000,1342.000000,12.154361,-0.984744
54.000000,501.000000,4.527496,-0.925195
44.000000,423.000000,3.731440,-0.981398
49.000000,464.000000,4.125549,-0.952710
51.000000,487.000000,4.461931,-0.980917
51.000000,478.000000,4.286567,-0.810739
28.000000,268.000000,2.399938,-0.917458
39.000000,360.000000,3.262329,-0.915818
210.000000,1909.000000,17.257633,-0.987951
25.000000,243.000000,2.223200,-0.926842
117.000000,1095.000000,9.869868,-0.970029
61.000000,568.000000,5.240846,-0.940093
175.000000,1623.000000,14.833415,-0.985666
126.000000,1182.000000,10.750526,-0.994848
85.000000,808.000000,7.330990,-0.995654
52.000000,502.000000,4.599078,-0.902788
48.000000,449.000000,4.052253,-0.967082
50.000000,462.000000,4.247799,-0.993135
288.000000,2664.000000,23.985276,-0.995972
83.000000,766.000000,7.051176,-0.980209
26.000000,242.000000,2.183263,-0.960969
59.000000,537.000000,4.943810,-0.919928
37.000000,359.000000,3.219039,-0.975040
169.000000,1564.000000,14.244378,-0.989595
63.000000,593.000000,5.405311,-0.970063
131.000000,1208.000000,10.844661,-0.995740
157.000000,1463.000000,13.037569,-0.990640
53.000000,509.000000,4.604673,-0.994391
163.000000,1492.000000,13.818827,-0.997941
279.000000,2580.000000,23.521387,-0.985980
121.000000,1127.000000,10.233307,-0.991113
205.000000,1888.000000,17.200154,-0.991853
107.000000,1003.000000,9.233427,-0.980975
121.000000,1107.000000,10.053659,-0.977033
33.000000,315.000000,2.833552,-0.960656
177.000000,1648.000000,14.991464,-0.997573
179.000000,1641.000000,14.943634,-0.984967
66.000000,606.000000,5.535933,-0.971881
61.000000,586.000000,5.327551,-0.958650
77.000000,722.000000,6.539792,-0.993604
209.000000,1923.000000,17.286742,-0.991749
170.000000,1586.000000,14.134643,-0.992797
49.000000,462.000000,4.225673,-0.988755
93.000000,880.000000,7.950185,-0.980817
23.000000,218.000000,2.024413,-0.936532
62.000000,594.000000,5.384655,-0.973926
101.000000,937.000000,8.618469,-0.968859
101.000000,935.000000,8.358744,-0.968991
83.000000,777.000000,7.032409,-0.981434
48.000000,438.000000,3.923889,-0.980495
113.000000,1027.000000,9.136474,-0.982497
46.000000,432.000000,3.848160,-0.883050
323.000000,3006.000000,26.789583,-0.987197
65.000000,612.000000,5.688636,-0.982005
321.000000,3026.000000,27.587573,-0.997481
347.000000,3177.000000,28.879006,-0.986575
72.000000,667.000000,6.084077,-0.970517
272.000000,2522.000000,22.661622,-0.981472
34.000000,311.000000,2.820248,-0.942505
89.000000,832.000000,7.490269,-0.961384
68.000000,628.000000,5.653020,-0.989485
51.000000,474.000000,4.361638,-0.937682
330.000000,3045.000000,27.380088,-0.996071
153.000000,1413.000000,12.773525,-0.994917
49.000000,459.000000,4.137533,-0.956427
57.000000,534.000000,4.838929,-0.961396
36.000000,341.000000,3.035305,-0.989922
6.000000,67.000000,0.607068,-0.412590
60.000000,553.000000,4.949168,-0.990570
120.000000,1126.000000,10.253500,-0.965853
97.000000,911.000000,8.289512,-0.994875
72.000000,663.000000,6.064499,-0.967718
66.000000,628.000000,5.658493,-0.988058
320.000000,2965.000000,26.611239,-0.995246
74.000000,695.000000,6.247486,-0.983448
110.000000,1006.000000,9.031299,-0.964992
38.000000,349.000000,3.124044,-0.928297
48.000000,453.000000,4.098960,-0.959579
117.000000,1099.000000,9.964590,-0.985578
26.000000,251.000000,2.225203,-0.770279
275.000000,2547.000000,22.993481,-0.998855
167.000000,1535.000000,13.979351,-0.995587
26.000000,247.000000,2.215752,-0.812437
58.000000,539.000000,4.915917,-0.974566
139.000000,1304.000000,11.782722,-0.993854
52.000000,491.000000,4.503796,-0.941105
48.000000,450.000000,4.070768,-0.961477
24.000000,232.000000,2.133695,-0.770052
24.000000,233.000000,2.098937,-0.813121
100.000000,935.000000,8.506148,-0.974872
57.000000,525.000000,4.719736,-0.879388
128.000000,1211.000000,11.067411,-0.974413
129.000000,1187.000000,10.659502,-0.989848
86.000000,807.000000,7.302586,-0.984914
197.000000,1827.000000,16.583789,-0.985819
57.000000,546.000000,5.012554,-0.912579
271.000000,2528.000000,22.827046,-0.978955
280.000000,2602.000000,23.477039,-0.994462
101.000000,956.000000,8.477729,-0.994033
158.000000,1445.000000,12.852838,-0.986341
25.000000,230.000000,2.115760,-0.945165
110.000000,1033.000000,9.353895,-0.984627
47.000000,433.000000,3.884996,-0.869784
167.000000,1541.000000,13.958839,-0.987271
124.000000,1163.000000,10.625055,-0.993547
172.000000,1594.000000,14.469357,-0.994315
56.000000,523.000000,4.756165,-0.978825
124.000000,1131.000000,10.100181,-0.977001
100.000000,920.000000,8.242589,-0.998904
35.000000,335.000000,3.010361,-0.868604
88.000000,824.000000,7.411809,-0.981316
99.000000,941.000000,8.578509,-0.972540
60.000000,569.000000,5.181310,-0.952810
57.000000,533.000000,4.941351,-0.986536
44.000000,411.000000,3.682859,-0.892361
77.000000,724.000000,6.458494,-0.981139
45.000000,434.000000,3.878663,-0.956010
73.000000,673.000000,6.109683,-0.986317
79.000000,738.000000,6.748360,-0.971749
46.000000,446.000000,4.015854,-0.926180
47.000000,441.000000,3.998221,-0.884188
126.000000,1176.000000,10.393543,-0.991965
73.000000,693.000000,6.194849,-0.982245
27.000000,252.000000,2.295628,-0.915348
36.000000,351.000000,3.246647,-0.960347
144.000000,1333.000000,12.186729,-0.983820
17.000000,172.000000,1.598614,-0.943463
58.000000,540.000000,4.759106,-0.965061
55.000000,513.000000,4.720430,-0.988524
27.000000,261.000000,2.310420,-0.888396
82.000000,768.000000,7.029634,-0.975893
80.000000,739.000000,6.815056,-0.997205
209.000000,1947.000000,17.661632,-0.983371
154.000000,1443.000000,13.084371,-0.996579
68.000000,652.000000,5.932158,-0.988831
33.000000,314.000000,2.828789,-0.954599
10.000000,103.000000,0.919830,-0.822908
48.000000,453.000000,4.081026,-0.993900
200.000000,1862.000000,16.853304,-0.990105
46.000000,434.000000,3.902010,-0.981715
50.000000,462.000000,4.138677,-0.981732
56.000000,525.000000,4.747889,-0.990628
97.000000,911.000000,8.311887,-0.987045
88.000000,816.000000,7.382997,-0.980386
66.000000,624.000000,5.561493,-0.977296
48.000000,448.000000,3.995170,-0.961310
60.000000,551.000000,4.985894,-0.980018
212.000000,1952.000000,17.590427,-0.980419
106.000000,975.000000,8.736667,-0.989767
79.000000,713.000000,6.409491,-0.990528
174.000000,1619.000000,14.689399,-0.995152
139.000000,1289.000000,11.681345,-0.994355
379.000000,3490.000000,31.627665,-0.992199
129.000000,1199.000000,10.828296,-0.995574
25.000000,241.000000,2.209205,-0.799966
184.000000,1698.000000,15.486798,-0.986384
174.000000,1605.000000,14.457019,-0.934961
266.000000,2433.000000,21.979426,-0.991798
119.000000,1110.000000,10.108690,-0.986888
29.000000,279.000000,2.458368,-0.816476
232.000000,2124.000000,19.507011,-0.985175
90.000000,831.000000,7.616446,-0.971336
17.000000,167.000000,1.497558,-0.769446
119.000000,1093.000000,9.967686,-0.987226
21.000000,203.000000,1.908372,-0.867158
53.000000,502.000000,4.628162,-0.963575
28.000000,271.000000,2.455891,-0.861581
84.000000,795.000000,7.183321,-0.988838
153.000000,1399.000000,12.591918,-0.991398
86.000000,789.000000,7.052175,-0.992479
119.000000,1094.000000,9.930090,-0.970134
65.000000,611.000000,5.560676,-0.979640
12.000000,114.000000,1.059236,-0.848450
135.000000,1254.000000,11.376145,-0.993282
207.000000,1935.000000,17.404949,-0.992858
82.000000,758.000000,6.870858,-0.978694
115.000000,1066.000000,9.723754,-0.970672
172.000000,1600.000000,14.398623,-0.992255
116.000000,1077.000000,9.830969,-0.988088
97.000000,903.000000,8.223821,-0.984208
115.000000,1073.000000,9.629714,-0.989031
29.000000,274.000000,2.416882,-0.947218
50.000000,472.000000,4.335014,-0.926746
35.000000,321.000000,2.911479,-0.968232
81.000000,746.000000,6.682575,-0.978526
216.000000,1999.000000,18.074603,-0.977951
14.000000,139.000000,1.282431,-0.669108
55.000000,501.000000,4.503356,-0.907660
72.000000,657.000000,5.940086,-0.960053
46.000000,433.000000,3.838216,-0.951918
46.000000,439.000000,3.887854,-0.937493
49.000000,467.000000,4.238108,-0.976743
121.000000,1117.000000,9.982468,-0.994897
125.000000,1170.000000,10.517378,-0.997759
59.000000,547.000000,4.922318,-0.972421
46.000000,429.000000,3.861299,-0.981597
192.000000,1770.000000,15.993596,-0.997774
45.000000,434.000000,3.865267,-0.954392
52.000000,503.000000,4.474498,-0.988887
64.000000,617.000000,5.549576,-0.976116
32.000000,306.000000,2.756782,-0.875161
59.000000,544.000000,4.904138,-0.982994
112.000000,1044.000000,9.459185,-0.993531
261.000000,2412.000000,21.783728,-0.986949
143.000000,1321.000000,11.997492,-0.993245
65.000000,612.000000,5.597233,-0.950211
23.000000,226.000000,2.046315,-0.804427
106.000000,979.000000,8.848399,-0.968397
159.000000,1471.000000,13.433766,-0.993328
37.000000,360.000000,3.307650,-0.972031
138.000000,1270.000000,11.486296,-0.995041
123.000000,1143.000000,10.238459,-0.991996
58.000000,535.000000,4.774185,-0.948133
90.000000,842.000000,7.700007,-0.980057
59.000000,558.000000,5.031009,-0.982226
198.000000,1834.000000,16.499069,-0.991226
88.000000,828.000000,7.412953,-0.989233
123.000000,1153.000000,10.306365,-0.985239
53.000000,503.000000,4.474489,-0.964154
278.000000,2629.000000,23.600672,-0.989763
51.000000,467.000000,4.286692,-0.922708
110.000000,1020.000000,9.177781,-0.979081
174.000000,1612.000000,14.641365,-0.992393
121.000000,1131.000000,10.266108,-0.992792
70.000000,656.000000,5.962337,-0.981416
36.000000,332.000000,3.003434,-0.943689
80.000000,756.000000,6.814483,-0.996822
51.000000,470.000000,4.256082,-0.998093
131.000000,1207.000000,10.866874,-0.992177
186.000000,1735.000000,15.534689,-0.993707
63.000000,578.000000,5.209013,-0.989068
206.000000,1916.000000,17.146238,-0.992859
113.000000,1049.000000,9.457807,-0.971374
114.000000,1074.000000,9.732480,-0.995026
32.000000,293.000000,2.715648,-0.981686
70.000000,665.000000,5.938111,-0.879018
63.000000,579.000000,5.275415,-0.977960
49.000000,458.000000,4.022238,-0.963172
102.000000,943.000000,8.455626,-0.990646
207.000000,1903.000000,17.040560,-0.993074
71.000000,668.000000,6.046352,-0.978576
59.000000,557.000000,5.037473,-0.943893
167.000000,1555.000000,14.045030,-0.988412
44.000000,418.000000,3.778295,-0.974892
97.000000,891.000000,7.968255,-0.987302
72.000000,673.000000,6.061178,-0.977491
122.000000,1113.000000,10.158487,-0.970656
189.000000,1750.000000,15.836742,-0.982554
51.000000,488.000000,4.459566,-0.981887
86.000000,809.000000,7.468974,-0.991859
134.000000,1231.000000,11.106252,-0.984714
176.000000,1642.000000,14.896142,-0.980846
142.000000,1331.000000,11.995305,-0.976705
170.000000,1581.000000,14.142026,-0.989607
50.000000,474.000000,4.243443,-0.997468
61.000000,572.000000,5.112481,-0.979491
11.000000,109.000000,1.020909,-0.774225
185.000000,1710.000000,15.322170,-0.982886
40.000000,376.000000,3.466020,-0.961863
20.000000,195.000000,1.757434,-0.941286
63.000000,587.000000,5.345081,-0.987144
50.000000,463.000000,4.203908,-0.985837
141.000000,1311.000000,12.088446,-0.981214
117.000000,1101.000000,10.004790,-0.957760
136.000000,1266.000000,11.492066,-0.993395
185.000000,1701.000000,15.374113,-0.989339
128.000000,1182.000000,10.598704,-0.976062
19.000000,183.000000,1.664770,-0.786971
18.000000,170.000000,1.503571,-0.815144
80.000000,750.000000,6.719902,-0.986522
66.000000,620.000000,5.521728,-0.988634
102.000000,942.000000,8.430562,-0.989913
68.000000,640.000000,5.783241,-0.986610
110.000000,1019.000000,9.262389,-0.997637
349.000000,3200.000000,28.843838,-0.980602
15.000000,150.000000,1.341175,-0.823739
52.000000,487.000000,4.455851,-0.996133
72.000000,680.000000,6.155794,-0.990048
110.000000,1024.000000,9.191154,-0.995174
49.000000,454.000000,4.099528,-0.947691
67.000000,613.000000,5.472528,-0.996037
126.000000,1159.000000,10.515429,-0.983991
58.000000,540.000000,4.906395,-0.983503
81.000000,767.000000,6.956966,-0.992343
84.000000,775.000000,6.974222,-0.990631
